BusinessName,TaxCode,RegisteredOffice,ZipCode,digitalAddress,vatNumber,recipientCode
Amministrazione Separata Usi Civici San Valentino,00181330218,Via Via Vittorio Veneto 73 a,39027,fraktion.stvalentin@pec.rolmail.net,00181330218,asucsan
Amnu Spa,01591960222,Viale Dell'industria 4/L,38057,info@pec.amnu.net,01591960222,amnus
ANALISI MEDICHE PAVANELLO S.R.L.,01506340288,VIA BRAVI N.51,35129,pavanello.sanita.srl@legalmail.it,01506340288,ANALISIMEDICHEPAVANELLO_20210629
Anas Spa,80208450587,Via Monzambano 10,00185,anas@postacert.stradeanas.it,80208450587,as
Anconambiente S.P.A.,01422820421,"Via Del Commercio, 27",60127,segreteria@pec.anconambiente.it,01422820421,aaspa
ANDREANI TRIBUTI srl,01412920439,Via Cluentina 33/D,62100,amministrazione@andreanitributi.legalmail.it,01412920439,andtrib_20160526
ANMCO Associazione Nazionale Medici Cardiologi Ospedalieri,01301130488,"VIA A. LA MARMORA, 36",50121,anmco@legalmail.it,01301130488,anmco_20211222
Antica Scuola Dei Battuti,82000890275,Via Spalti 1,30174,info@pec.anticascuoladeibattuti.it,82000890275,ANSCDBAT
Aou Sassari - Azienda Ospedaliera Universitaria di Sassari,02268260904,"Viale S. Pietro, 10",07100,protocollo@pec.aou.ss.it,02268260904,asaou_ss
Aps Holding Spa,03860240286,Via Salboro 22/b,35124,apsholding@legalmail.it,03860240286,ahs
APSP 'San Giuseppe' di Primiero,00374850220,"Viale Marconi, 19 - PIEVE",38054,segreteria@pec.apsp-primiero.net,00374850220,apspsgp
"Apsp ""Redenta Floriani""",81000810226,"Via Degol, 1",38059,apspstrigno@pec.it,81000810226,apsprf
Apsp Casa di Riposo Fie allo Sciliar,80011960210,Via Kartatscher Nr. 2,39050,seniorenzentrum@pec.rolmail.net,80011960210,acrfs
Apsp Casa Lucia,91044090933,"Via Roma, 54",33087,asp.casalucia@certregione.fvg.it,91044090933,appcl
Apsp Don Giuseppe Cumer,00516590221,"Fraz. Corte, 1",38060,apspvallarsa@pec.it,00516590221,adgc
Apsp Fondazione Casa di Riposo S. Valburga,82011080213,"S. Valburga, 223/a",39016,ah-walburg@pec.rolmail.net,82011080213,afcrsv
Apsp Josefsheim Villandro,01085520219,Vicolo F. V. Defregger 4,39040,josefsheim@legalmail.it,01085520219,ajv
Apsp S.Lorenzo e S.Maria della Misericordia,81000970228,"Via Per Telve, 7",38051,apspborgo@pec.it,81000970228,apspsl
Apsp Santo Spirito,00961230216,Viale Mozart 28,39042,apsp.santospirito@pec.brennercom.net,00961230216,ass
Apsp Ubaldo Campagnola,01124240225,"Via Campagnola, 5",38063,apspavio@pec.it,01124240225,auc
Apsp Villa San Lorenzo,86003930228,"Via Sette Pievi, 9",38089,rsastoro@pec.it,86003930228,avsl
APV Investimenti SpA,03292680273,Dorsoduro Santa Marta fabbricato Portuale 16,30123,apvinvestimenti@legalmail.it,03292680273,apvinvestimenti_20210427
Arbeitsfoerderungsinstitut - Istituto per La Promozione Dei Lavoratori,94047040210,"Via Canonico Michael Gamper, 1",39100,afi-ipl@pec.it,94047040210,ailp_021
ARCA - Nord Salento,00061820742,"Via Casimiro, 27",72100,info@pec.arcanordsalento.it,00061820742,iacp_
Arca Capitanata,00131190712,"Via Romolo Caggese, 2",71121,arcacapitanata@pec.arcacapitanata.it,00131190712,iacp_fg
Arca Servizi srl,09106071005,"Via Dante Ruffini, 22",26100,arcaimb@pec.it,09106071005,ARCA_2017_03_07
ARCICONFRATERNITA DELLA MISERICORDIA DI PRATO,00441650488,VIA GALCIANESE 17/2,59100,amministrazionemisericordia@pec.it,00441650488,misericordiaPO_20210127
Arciconfraternita di Misericordia di Pistoia ODV,00106890478,"Via del Can Bianco, 35",51100,misericordiadipistoia@legalmail.it,00106890478,amptodc_20220607
Arciconfraternita Immacolata Concezione e S. Angelo Custode,80061600633,Via Silvati 29,80141,arc.oratorioaloreto@pec.it,80061600633,Aricosantagelocustode_15022023
Arciconfraternita S.Anna e S. Carlo,80013830635,Via S. Anna dei Lomdardi n.44,80134,arcilombardi@pec.it,80013830635,Sanca_20180518
AREA BLU S.P.A.,00828601203,Via Lambertini 6,40026,areablu@cert.areablu.com,00828601203,GR3QNVEA
Area Science Park,00531590321,"Padriciano, 99",34149,protocollo@pec.areasciencepark.it,00531590321,area_ts
Arezzo Casa Spa,01781060510,"Via Margaritone, 6",52100,segreteria@pec.arezzocasa.net,01781060510,acspa
Arezzo Multiservizi Srl,01938950514,Via Bruno Buozzi 1,52100,info@pec.arezzomultiservizi.it,01938950514,ams
Argea,90037020956,"Via Cagliari, 276",09170,argea@pec.agenziaargea.it,90037020956,argea
ARLAB Agenzia Regionale Lavoro e Apprendimento Basilicata,96085450763,Largo Carmelo Azzara' 1,85100,PROTOCOLLO@PEC.LAB.REGIONE.BASILICATA.IT,96085450763,larlr
ARNAS G. Brotzu,02315520920,"Piazzale A. Ricchi, 1",09134,protocollo.generale@pec.aobrotzu.it,02315520920,092
Arriva Udine S.p.A,00500670310,Via del Partidor n.13,33100,arrivaudine@legalmail.it,00500670310,arrivaudine_20210225
AS Retigas S.r.l.,03167510365,Via Maestri del Lavoro 38,41037,segreteria.asretigas@pec.gruppoaimag.it,03167510365,ARGAS_20230615
ASA S.r.l.,02151080427,"Via San Vincenzo, 18",60013,asambiente@pec.it,02151080427,azseam_20221111
Ascanio Sobrero,91032760067,"Via Candiani D'olivola, 19",15033,altf080003@pec.istruzione.it,91032760067,ascso
Ascit Servizi Ambientali Spa,01052230461,Via S Cristoforo 82,55012,protocollo@pec.ascit.it,01052230461,asas
Asd Centrocampo,97503710010,"Via Petrella, 40",10154,asdcentrocampo@pec.it,97503710010,centrocampo_20210426
ASD GAR REBAUDENGO,97526740010,VIA GOTTARDO 10,10155,garrebaudengo@pec.it,97526740010,asdgr_20230419
ASD PROGETTO SPORT DI BORGATA,97590860017,VIA MASSARI 114,10148,centropolisportivomassari@pec.it,97590860017,PROGETTOSPORTDIBORGATA_20210428
ASD SPORTENTO US ACLI,97657290017,"VIA PERRONE, 3 BIS",10122,asdsportento@legalmail.it,97657290017,asua_20220415
ASDCPS ATLETICO TAURINENSE,97784490019,P.zza Adriano 12,10138,atleticotaurinense@pec.it,97784490019,atlt_202230327
Asea Azienda Speciale,01378640625,"Rocca Dei Rettori, p.zza Castello",82100,infoasea@legalmail.it,01378640625,aasp
ASEC TRADE SRL,03973800877,"Via C. Colombo, 150/B",95121,comunicazioni@asectrade.legalmail.it,03973800877,ASEC_20201202
Aset SpA,01474680418,Via Luigi Einaudi 1,61032,info@cert.asetservizi.it,01474680418,UINWMSEQ
ASF SAN GIULIANO MILANESE  - AZIENDA SPECIALE SERVIZI FARMACEUTICI E SOCIO-SANITARI,11780060155,via san Remo 3,20098,amministrazione@pec.asfsangiuliano.it,11780060155,asfsgm_20200620
Asilo Infantile Clementi di Velo,80006810248,Via Aldo Moro 21,36040,clementidiveloasilo@legalmail.it,80006810248,aicv
Asilo Infantile Scuola Materna,00207250259,"Via Marmarole, 436",32040,asilodilozzo@pec.it,00207250259,aism
Asis Salernitana Rete Ed Impianti S.P.A,00268520657,Via Tommaso Prudenza 12,84131,protocollo@pec.asisnet.it,00268520657,asrei
Asl 4 Lanusei,00978060911,Via Piscinas 5,08045,protocollo@pec.asllanusei.it,00978060911,a4_og
Asl Foggia,03499370710,"Via Michele Protano, 13",71121,aslfg@mailcert.aslfg.it,03499370710,asl_fg
ASL ROMA 4,04743741003,"Via Terme Di Traiano, 39A",00053,protocollo@pec.aslroma4.it,04743741003,aslrmfcv
ASM Bressanone SpA,01717730210,via Alfred Ammon 24,39042,distribuzione@pec.swb-asmb.it,01717730210,bres_20200509
Asm Costruire Insieme,02376190068,Piazza Vittorio Veneto 1,15121,certificata@pec.asmcostruireinsieme.it,02376190068,ciasm
Asm Impianti e Servizi Ambientali SPA,02071890186,Viale Petrarca 68,27029,ragioneria@pec.asmisa.it,02071890186,asm_20230721
ASM Multiservizi SPA,03091371215,"Via Fiume, 64",80038,contabilita@pec.asmpomigliano.it,03091371215,asasm
Asm Rovigo Spa,01037490297,Via Dante Alighieri 4,45100,asmrovigo.pec@legalmail.it,01037490297,ars_029
ASM VENDITA E SERVIZI S.R.L.,01991100189,"Via Pozzoni, 2",27058,info@pec.asmvenditavoghera.it,01991100189,asmv_20180102
Asm Voghera Spa,01429910183,Via Pozzoni 2,27058,asmvoghera@pec.asmvoghera.it,01429910183,avs
ASMT TORTONA S.P.A,02021850066,"Via Pozzoni, 2",27058,affarigenerali@pec.asmt.it,02021850066,asmt_20180102
ASMTERNI SPA,00693630550,Via Bruno Capponi 100,05100,asmternispa.amministrazione@legalmail.it,00693630550,asmterni_20210129
Asp 'Casa di Riposo Giuseppe Sirch',80011810308,"Via Del Klancic, 2",33049,aspsirch@legalmail.it,80011810308,acrgs_ud
Asp 'Pio e Ninetta Gavazzi',83007380153,"Via Canonico Villa, 108",20832,protocollo@pec.casadiriposogavazzi.it,83007380153,apng_mb
Asp Ambito 9,92024900422,"Via Gramsci, 95",60035,asp.ambitonove@emarche.it,92024900422,aspan
Asp Azalea Azienda di Servizi alla Persona del Distretto di Ponente,91094630331,"Corso Matteotti, 124",29015,aspazalea@pec.it,91094630331,azalea
Asp Carlo Sartori,80011590355,"Via De Gasperi, 3",42020,asp@pec.carlosartori.it,80011590355,aspcs
Asp Centro Servizi alla Persona,80006330387,Via Ripagrande N. 5,44121,pec.info@pec.aspfe.it,80006330387,acsp_038
Asp Circondario Imolese,02799561200,"Via Matteotti, 77",40024,asp@pec.aspcircondarioimolese.bo.it,02799561200,aci_037
ASP Citta' di Bologna,03337111201,"Via Marsala, 7",40126,asp@pec.aspbologna.it,03337111201,aspcb
Asp Citta' di Siena,01170590523,"Via Campansi, 18",53100,direzione@pec.asp.siena.it,01170590523,acs
Asp Collegio Morigi - De Cesaris,01531860334,Via G. Taverna 37,29121,info@pec.collegiomorigi.it,01531860334,acmdc_
Asp Dei Comuni della Bassa Romagna,02295380394,"Via Mazzini, 3",48012,aspbassaromagna@pec.it,02295380394,adcbr
Asp del Delta Ferrarese,82005060387,"Viale della Resistenza, 3/a",44021,aspdeldeltaferrarese@pec.it,82005060387,aspdf
ASP della Carnia S. L. Scrosoppi,00170100309,"Via G. B. Morgagni, 5",33028,postacert@pec.aspcarnia.it,00170100309,asp_cals
Asp della Romagna Faentina,02517840399,"Piazza San Rocco, 2",48018,aspromagnafaentina@pec.it,02517840399,adrf
ASP delle Terre d'Argine,03169870361,"Via Trento Trieste, 22",41012,aspterredargine@pec.it,03169870361,asp_td
Asp Don Cavalletti,02343500357,"Via Poiago, 72",42033,aspdoncavalletti@pec.it,02343500357,adc
Asp Eppi Manica Salvatori,01760920387,"Via Provinciale, 53 - Consandolo",44011,aspems@pec.aspems.it,01760920387,aspa
Asp Istituti Milanesi Martinitt e Stelline e Pio Albergo Trivulzio di Milano,04137830966,Via Marostica 8,20146,ufficio.protocollo@pioalbergotrivulzio.legalmail.it,04137830966,aimms_mi
ASP LAURA RODRIGUEZ Y LASO DE' BUOI,80007270376,"Via Emilia, 36",40068,asp@pec.asplaurarodriguez.it,80007270376,asp_lrsl
Asp Opus Civium,80010310359,"Via Conciliazione, 10",42024,asp-opuscivium@pec.net,80010310359,aoc_035
Asp Pubblica Assistenza della Spezia,80001050113,Via Carducci S.n.c.,19126,paspezia@pec.it,80001050113,apas
Asp Reggio Emilia Citta' delle Persone,01925120352,Via Pietro Marani N. 9/1,42122,asp.re@pcert.postecert.it,01925120352,arret_
ASP Solidarieta' - Mons. D. Cadore,01324900933,"Viale XXV Aprile, 42",33082,asp.solidarieta@certregione.fvg.it,01324900933,aspsmdc
Asp Valloni Marecchia,04265920407,"Via Di Mezzo, 1",47923,infoaspcasavalloni@registerpec.it,04265920407,aspvm
Aspes SpA,01423690419,"Via Mameli, 15",61121,aspes@legalmail.it,01423690419,aspes_20160120
Asr Molise Acque,00249230707,Via A. Depretis,86100,protocollo@pec.moliseacque.com,00249230707,asrmacb
Assemblea Legislativa - Regione Umbria,94065130547,"Palazzo Cesaroni - Piazza Italia, 2",06121,cons.reg.umbria@arubapec.it,94065130547,cr_umbri
Assemblea Legislativa delle Marche,80006310421,"Piazza Cavour, 23",60121,assemblea.marche@emarche.it,80006310421,aldm_an
Assemblea Regionale Siciliana,97001200829,"Piazza del Parlamento, 1",90134,protocollo.ars@pcert.postecert.it,97001200829,ars_pa
ASSIST SPA,10596000017,Strada Torino 34,10092,contratti@pec.assist-si.it,10596000017,assist_20210517
Assm Spa Azienda Specializzata Settore Multiservizi,01210690432,Via Roma 36,62029,segreteria.assm@legalmail.it,01210690432,asassm
Associazione Ambito Cuneese Ambiente,92016220045,"Via Roma, 91",12045,atorifiuti.cuneo@legal.email.it,92016220045,aaca
Associazione Asilo Nido Saint-christophe - Quart - Brissogne,91025560078,"Loc. La Cure, 40",11020,asilosqb.vda.it@pec.it,91025560078,asnsc
Associazione Cassa Nazionale di Previdenza ed Assistenza a favore dei Ragionieri e Periti Commerciali,80059790586,"Via Pinciana, 35",00198,direzionegenerale@pec.cassaragionieri.it,80059790586,cnpr
Associazione Dei Comuni del Comprensorio Trigno Sinello,92017760692,"Piazza San Vitale,1",66050,associazionetrignosinello@pec.it,92017760692,adcct_ch
Associazione Nazionale Allevatori Specie Bufalina,80109780611,"Via Petrarca, 42/44",81100,anasb@legalmail.it,80109780611,anasb_20221012
Associazione Riccobio,97939990582,"Via Salaria, 1499",00138,riccobio@pec.it,97939990582,assriccobio_20211210
ASSOCIAZIONE SPORTIVA STUDENTESCA,97693370013,via Montebello 22,10124,asstorino07@pec.it,97693370013,asd_20210427
ASSOCIAZIONE TANDEM TORINO ASD,97854750011,VIA SANT'ANTONINO 17,10139,associazionetandem@pec.it,97854750011,att_20230413
Associazione Teatro Stabile della Citta' di Napoli,95025880634,"Piazza Francese, 46",80133,teatrostabilenapoli@pec.it,95025880634,atscn
Associazione Tra Enti Locali per L'Attuazione del Patto Territoriale Sangro Aventino,01846480695,Via Nazionale,66030,suap@gigapec.it,01846480695,assch
ASSP s.p.a.,02585280965,"Via Garibaldi, 20",20811,assp.spa@pec.assp.it,02585280965,assp_20210713
Asst Centro Specialistico Ortopedico Traumatologico Gaetano Pini Cto,09320530968,"Piazza Cardinal Ferrari, 1",20122,protocollo@pec.asst-pini-cto.it,09320530968,asstgp
Asst Fatebenefratelli Sacco,09319690963,"Via G.b. Grassi, 74",20157,protocollo.generale@pec.asst-fbf-sacco.it,09319690963,afs
Asst Ovest Milanese,09319650967,"Via Papa Giovanni Paolo II, 20025 Legnano",20025,protocollo@pec.asst-ovestmi.it,09319650967,asstom
Asst Rhodense,09323530965,"Viale Forlanini, 95",20024,protocollo.generale@pec.asst-rhodense.it,09323530965,asstr
Astea S.P.A.,01501460438,"Via Lorenzo Gigli, 2",62019,astea@legalmail.it,01501460438,asteapa
ASTEM SPA,00791500150,Viale Dante 2,26900,astemspa@legalmail.it,00791500150,735ID71U
ASTER AGENZIA SERVIZI AL TERRITORIO SRL,02071790204,Via IMRE NAGY 2/4/6,46100,aster.mn@pec.it,02071790204,JP7K5XMD
Asti Servizi Pubblici S.P.A.,01142420056,"Corso Don Minzoni, 86",14100,asp.asti@pec.it,01142420056,aspat
Atac Civitanova Spa,01349510436,"Via Del Casone, 30",62012,atac.areatecnica@pec.it,01349510436,acsmc
Atac Spa Azienda per La Mobilita',06341981006,"Via Prenestina, 45",00176,protocollo@cert2.atac.roma.it,06341981006,asalm
ATAF GESTIONI SRL,06109950482,"viale dei mille, 115",50131,atafgestionisrl@pec.it,06109950482,ataf_20210225
ATAF&LINEA   Scarl,05504280487,"viale dei mille, 115",50131,atafelineascarl@pec.it,05504280487,ataflinea_20210301
ATAP S.p.a,00188590939,"Via V. Candiani, 26",33170,pec.atappn@legalmail.it,00188590939,atap_20210212
Atc & Partners Mobilità Società Consortile a responsabilità limitata,01294330558,P.le della Rivoluzione Francese,05100,atc.partners@legalmail.it,01294330558,atcpartners_20210226
ATC ESERCIZIO SPA,01222260117,"Via Leopardi, 1",19124,atceserciziospa@legalmail.it,01222260117,atcspa_20210211
ATC MOBILITA’ E PARCHEGGI SPA,01199840115,"VIA AURELIO SAFFI, 3",19126,atcmp@pec.it,01199840115,atc_20200915
ATC N. 5 FIRENZE SUD,94270930483,Via Cittadella 25/a,50144,amministrazione@pec.atc5firenzesud.it,94270930483,atc5firenzesud_20210201
ATENA TRADING Srl – a socio unico,02064090026,"Corso Palestro, 126",13100,atenatrading-commerciale@legalmail.it,02064090026,atena_20211020
ATER DI MATERA,00040490773,Via Benedetto Croce n.2,75100,atermatera@cert.ruparbasilicata.it,00040490773,atermt
ATER Lanciano,00092320696,"Viale della Rimembranza, 6",66034,amministrazione@pec.aterlanciano.it,00092320696,ATERL_20210601
ATER TERAMO,00061800678,via Roma 49,64100,aterteramo@cert.aterteramo.it,00061800678,ATER_20211014
ATERNO GAS & POWER SRL,01872450661,VIA EDMONDO VICENTINI 1,67100,aternogaspower@certiposta.net,01872450661,ATERNOGAS_20210819
ATLANTE Società Cooperativa Sociale ONLUS,01482990429,P.zza S. D'Acquisto 21,60131,atlantecooperativa@pec.it,01482990429,atlante_20220117
ATMOS SRL,01829550332,"Via Madre Teresa di Calcutta, 12",29010,atmos_srl@legalmail.it,01829550332,atmos_20230808
Ato 2 Napoli Volturno,94200620634,Via Cesario Console 3,80132,ato2campania@pec.it,94200620634,adnv
ATOMO NETWORKS SRL,06009080828,VIA CORSITTI 17,90042,atomonetworks@pec.it,06009080828,ATOMONET_20230811
ATVO S.P.A.,84002020273,Piazza IV Novembre 8,30027,segreteria@pec.atvo.it,84002020273,ATVO_20210224
AUDAX ENERGIA S.r.l.,10027190015,"via candiolo, 2",10048,amministrazione@pec.audaxenergia.it,10027190015,audaxenergia_20210114
AUG.MA ARCICONFRATERNITA DELLA SS. TRINITA' DEI PELLEGRINI,80018840639,VIA PORTAMEDINA 41,80134,info@pec.arciconfraternitapellegrini.net,80018840639,arciconf_20221228
AURAH S.R.L.,09228511219,"VIALE A. GRAMSCI, 12",80122,info@aurah.it,09228511219,AURA_20226016
AURICA ENERGIA SRL,11815230963,VIA MARCO D’AVIANO 2,20131,auricaenergia@pec.it,11815230963,aurenesrl_20231018
AUSINO S.P.A.  SERVIZI IDRICI INTEGRATI,80032380653,"Via ALFONSO  BALZICO, 46",84013,protocollo@pec.ausino.it,80032380653,446W9J1Y
Autodemolizione Este,03361640737,via toscana n.3,74121,este.alex@legalmail.it,03361640737,admeste_20230406
AUTOLINEE CHIANTI VALDARNO S.C.A R.L.,05482680484,"VIALE DEI CADORNA, 105",50129,acvbus@pec.it,05482680484,autochianti_20210226
AUTOLINEE GIACHINO S.R.L.,00060360054,Via Stazione 29,14019,autolineegiachino@legalmail.it,00060360054,giachino_20220920
AUTOLINEE MUGELLO VALDISIEVE S.C.A R.L.,05482690483,"VIALE DEI CADORNA, 105",50129,amvbus@pec.it,05482690483,automugello_20210226
Automobile Club Acireale,00174820878,"Viale Regina Margherita,25",95024,automobileclubacireale@pec.aci.it,00174820878,aca_ct
Automobile Club Agrigento,00070830849,Via san vito 23/27,92100,automobileclubagrigento@pec.aci.it,00070830849,aca_5pn0
Automobile Club Alessandria,00162010060,"Corso Felice Cavallotti, 19",15121,automobileclubalessandria@pec.aci.it,00162010060,ac_al
Automobile Club Ancona,00093730422,"Corso Stamira, 80",60122,automobileclubancona@pec.aci.it,00093730422,aca_
Automobile Club Arezzo,00103460515,"Viale Signorelli, 24A",52100,automobileclubarezzo@pec.aci.it,00103460515,ac_ar
Automobile Club Ascoli Piceno - Fermo,00153620448,"Viale Indipendenza, 38/A",63100,automobileclubascolipicenofermo@pec.aci.it,00153620448,ac_apfer
Automobile Club Asti,00086810058,Piazza Medici 21/22,14100,automobileclubasti@pec.aci.it,00086810058,aca_at
Automobile Club Avellino,00099890642,Via Baccanico 34,83100,aciavellino@pec.it,00099890642,aca_av
Automobile Club Bari,00268440724,Via Ottavio Serena 26,70126,automobileclubbari@pec.aci.it,00268440724,aci_ba
Automobile Club Belluno,00064890254,Piazza Dei Martiri 46,32100,automobileclubbelluno@pec.aci.it,00064890254,acibl
Automobile Club Benevento,00053030623,Via Salvator Rosa 24 26,82100,automobileclubbenevento@pec.aci.it,00053030623,acb
Automobile Club Bergamo,00216410167,"Via Angelo Maj, 16",24121,automobileclubbergamo@pec.aci.it,00216410167,aci_bg
Automobile Club Biella,00165000027,"Viale Matteotti, 11",13900,automobileclubbiella@pec.aci.it,00165000027,aci_bl
Automobile Club Bologna,00312900376,"Via Emilia Ponente, 24/O",40133,postacertificata@pec.acibologna.com,00312900376,ac_bo
Automobile Club Bolzano,00123680217,Corso Italia 19/a,39100,automobileclubbolzanobozen@pec.aci.it,00123680217,acibz
Automobile Club Brescia,00299060178,Via Enzo Ferrari 4-6,25134,automobileclubbrescia@pec.aci.it,00299060178,acb_bs
Automobile Club Brindisi,00060120748,Via Dalmazia 31 B,72100,acibri@pec.it,00060120748,acbr
Automobile Club Cagliari,00154870927,Via Giuseppe Verdi 11,09129,automobileclubcagliari@pec.aci.it,00154870927,acica
Automobile Club Caltanissetta,00050830850,Via Pietro Leone 2,93100,automobileclubcaltanissetta@pec.aci.it,00050830850,acicl
Automobile Club Caserta,00100550615,"Via Nazario Sauro, 10",81100,automobileclubcaserta@pec.aci.it,00100550615,acc_061
Automobile Club Catania,00134130871,Via Sabotino 3,95129,automobileclubcatania@pec.aci.it,00134130871,acc_ct
Automobile Club Catanzaro,00100520790,Viale Dei Normanni 99,88100,automobileclubcatanzaro@pec.aci.it,00100520790,accz
Automobile Club Chieti,00111380697,"Piazza Garibaldi, 3",66100,automobileclubchieti@pec.aci.it,00111380697,acc_ch
Automobile Club Como,00224620138,"Viale M. Masia, 79",22100,automobileclubcomo@pec.aci.it,00224620138,ac_co
Automobile Club Cosenza,00280660788,"Via Aldo Moro, 27",87100,automobileclubcosenza@pec.aci.it,00280660788,ac_cs
Automobile Club Cremona,00112230198,"Via Xx Settembre, 19",26100,automobileclubcremona@pec.aci.it,00112230198,accr
Automobile Club Crotone,01983710797,"Piazza Ciliberto, 24 Pal Ruggiero A 2",88900,a.c.crotone@pec.aci.it,01983710797,ackr
Automobile Club Cuneo,00163030042,Piazza Europa 5,12100,automobileclubcuneo@pec.aci.it,00163030042,ACICU
Automobile Club d'Italia,00493410583,"Via Marsala, 8",00185,automobileclubitalia@pec.aci.it,00493410583,aci
AUTOMOBILE CLUB DEL PONENTE LIGURE,00095860086,"Via Tommaso Schiva, 11/19",18100,ponenteligure@pec.aci.it,00095860086,ac_im
Automobile Club Enna,00040060865,Via Roma 200,94100,automobileclubenna@pec.aci.it,00040060865,ace_en
Automobile Club Ferrara,00051540383,"Via Padova, 17",44122,aciferrara@mailsicura.info,00051540383,ac_fe
Automobile Club Firenze,00442510483,"Viale Amendola, 36",50121,automobileclubfirenze@pec.aci.it,00442510483,ac_fi
Automobile Club Foggia,00130840713,Via De Petra 107-109,71122,automobileclubfoggia@pec.aci.it,00130840713,acf_071
Automobile Club Forli'-Cesena,00140190406,"Via C. Monteverdi, 1",47122,automobileclubforlicesena@pec.it,00140190406,ac_fc
Automobile Club Frosinone,00105020606,"Via Firenze, 57",03100,automobileclubfrosinone@pec.aci.it,00105020606,ac_fr
Automobile Club Genova,00272220104,"Viale Brigate Partigiane, 1/A",16129,AUTOMOBILECLUBGENOVA@PEC.ACI.IT,00272220104,ac_ge
Automobile Club Gorizia,00050860311,"Via Trieste, 171",34170,automobileclubgorizia@pec.aci.it,00050860311,acg
Automobile Club Grosseto,00081460537,"Via Mazzini, 105",58100,automobileclubgrosseto@pec.aci.it,00081460537,aci_gr
Automobile Club Isernia,00032020943,Viale Dei Pentri 40,86170,automobileclubisernia@pec.aci.it,00032020943,aci_is
Automobile Club Ivrea,00503620015,Via Cesare Pavese 8,10015,automobileclubivrea@pec.aci.it,00503620015,aciepo
Automobile Club L'Aquila,00080450661,"Via Donadei, 3",67100,automobileclubaquila@pec.aci.it,00080450661,acla_
Automobile Club La Spezia,00072430119,Via Costantini 18,19124,automobileclublaspezia@pec.aci.it,00072430119,acls
Automobile Club Latina,00114260599,"Via Aurelio Saffi, 23",04100,automobileclublatina@pec.aci.it,00114260599,ac_lt
Automobile Club Lecce,00152430757,Via Giuseppe Candido 2,73100,automobileclublecce@pec.aci.it,00152430757,acle
Automobile Club Lecco,02180630135,Corso Matteotti 5B,23900,automobileclublecco@pec.aci.it,02180630135,aci_lc
Automobile Club Livorno,00102360492,"Via Giuseppe Verdi,32",57126,automobileclublivorno@pec.aci.it,00102360492,acili
Automobile Club Lucca,00148920465,"Via Catalani, 59",55100,automobileclublucca@pec.aci.it,00148920465,ac_lu
Automobile Club Macerata,00111890430,Via Roma 139,62100,acmacerata@pec.aci.it,00111890430,acimc
Automobile Club Mantova,00180750200,Piazza 80 Fanteria 13,46100,automobileclubmantova@pec.aci.it,00180750200,acm_mn
Automobile Club Massa Carrara,00060950458,"Via Aurelia Ovest, 193",54100,automobileclubmassacarrara@pec.aci.it,00060950458,acmc
Automobile Club Matera,00045490778,"Viale Delle Nazioni Unite,47",75100,acmatera@pec.it,00045490778,acmt
Automobile Club Messina,00082380833,Via Luciano Manara Is. 125 n. 27,98123,automobileclubmessina@pec.aci.it,00082380833,acm_me
Automobile Club Milano,00815430152,Corso Venezia 43,20121,automobileclubmilano@pec.aci.it,00815430152,acm_
Automobile Club Modena,00179340369,"Viale Verdi, 7",41121,acimodena@pec.it,00179340369,acm
Automobile Club Molise,00054680707,Via Cavour 14,86100,automobileclubmolise@pec.aci.it,00054680707,acc_un63
Automobile Club Napoli,00284380631,Piazzale V. Tecchio N. 49/D,80125,automobileclubnapoli@pec.aci.it,00284380631,acn_063
Automobile Club Novara,00128490034,"Via Rosmini, 36",28100,automobileclubnovara@pec.aci.it,00128490034,acn_no
Automobile Club Nuoro,00053230918,Via Sicilia 39,08100,automobileclubnuoro@pec.aci.it,00053230918,acinu
Automobile Club Oristano,00060940954,Via Cagliari 114,09170,automobilecluboristano@pec.aci.it,00060940954,acior
Automobile Club Padova,00227920287,"Via Scrovegni, 19",35131,acpadova@open.legalmail.it,00227920287,aci_pd
Automobile Club Palermo,00110800828,Viale Delle Alpi 6,90144,automobileclubpalermo@pec.aci.it,00110800828,acp_082
Automobile Club Parma,00161730346,B.go Girolamo Cantelli n. 15/a,43121,aciparma@pec.it,00161730346,ac_pr
Automobile Club Pavia,00180630188,Piazza Guicciardi 5,27100,automobileclubpavia@pec.aci.it,00180630188,acp_ud
Automobile Club Perugia,00185770542,"Via Corcianese, 218/H",06132,automobileclubperugia@pec.aci.it,00185770542,acp_pg
Automobile Club Pesaro e Urbino,00112030416,"Via San Francesco, 44",61120,automobileclubpesarourbino@pec.aci.it,00112030416,ac_pu
Automobile Club Pescara,00084550680,"Via Del Circuito, 59",65121,automobileclubpescara@pec.aci.it,00084550680,acp_pe
Automobile Club Piacenza,00113240337,Via Chiapponi 37,29122,automobileclubpiacenza@pec.aci.it,00113240337,acp_
Automobile Club Pisa,00125820506,"Via Cisanello, 168",56124,automobileclubpisa@pec.aci.it,00125820506,acp
Automobile Club Pistoia,00108840471,"Via Ricciardetto, 2",51100,automobileclubpistoia@pec.aci.it,00108840471,acpi
Automobile Club Pordenone,00074950932,Viale Dante 40,33170,automobileclubpordenone@pec.aci.it,00074950932,aci_pn
Automobile Club Potenza,00095730768,"Piazza Marconi, 385",85100,automobileclubpotenza@pec.aci.it,00095730768,acpz
Automobile Club Prato,01650720970,"Via F. Ferrucci, 195/t",59100,automobileclubprato@pec.aci.it,01650720970,acpr
Automobile Club Ragusa,00078890886,"Via Ugo La Malfa, 49",97100,automobileclubragusa@pec.aci.it,00078890886,acr_
Automobile Club Ravenna,00085710390,"Piazza Goffredo Mameli, 4",48121,info@pec.acravenna.it,00085710390,ac_ra
Automobile Club Reggio Calabria,01291690806,"Via De Nava, 43",89122,automobileclubreggiocalabria@pec.aci.it,01291690806,acrc
Automobile Club Reggio Emilia,00149520355,Viale Magenta 1/d,42123,amministrazione.acire@pec.it,00149520355,acree
Automobile Club Rieti,00043580570,Largo Florenzo Spadoni 7,02100,automobileclubrieti@pec.aci.it,00043580570,acri
Automobile Club Rimini,00140700402,"Via Roma, 66",47921,automobileclubrimini@pec.aci.it,00140700402,ac_rn
Automobile Club Roma,00460880586,"Via Parigi, 11",00185,automobileclubroma@pec.aci.it,00460880586,acr_rm
Automobile Club Rovigo,00042230292,"Piazza XX Settembre, 9",45100,automobileclubrovigo@pec.aci.it,00042230292,acr_ro
Automobile Club Salerno,00184290658,Via giacinto VICINANZA 11,84123,automobileclubsalerno@pec.aci.it,00184290658,acs_sa
Automobile Club Sassari,00072050909,Viale Adua 32,07100,automobileclubsassari@pec.aci.it,00072050909,aciss
Automobile Club Siena,00052970522,Viale Vittorio Veneto 47,53100,automobileclubsiena@pec.aci.it,00052970522,acs_si
Automobile Club Siracusa,00051170892,"Via Foro Siracusano, 27",96100,automobileclubsiracusa@pec.aci.it,00051170892,acs_sr
Automobile Club Sondrio,00050750140,Via Mazzini 39/A,23100,automobileclubsondrio@pec.aci.it,00050750140,acs_so
Automobile Club Taranto,00092090737,"V.le Magna Grecia, 108/A",74121,automobileclubtaranto@pec.aci.it,00092090737,acta
Automobile Club Teramo,00081850679,Corso Cerulli 81,64100,automobileclubteramo@pec.aci.it,00081850679,act_te
Automobile Club Terni,00053350559,Viale Cesare Battisti 121,05100,automobileclubterni@pec.aci.it,00053350559,act_tr
Automobile Club Torino,00498530013,Piazzale San Gabriele di Gorizia 210,10134,automobileclubtorino@pec.aci.it,00498530013,acto
Automobile Club Trapani,00062110812,"Via Virgilio, 115",91100,automobileclubtrapani@pec.aci.it,00062110812,ac_tp
Automobile Club Trento,00123590226,Via Renato Lunelli 4,38121,automobileclubtrento@pec.aci.it,00123590226,act_022
Automobile Club Treviso,00190250266,Viale Giuseppe Verdi 23/C,31100,acitreviso@pec.acitreviso.it,00190250266,ac_tv
Automobile Club Trieste,00054560321,Via Fabio Severo 18,34133,automobileclubtrieste@pec.aci.it,00054560321,act
Automobile Club Udine,00160740304,"Viale Tricesimo, 46",33100,automobileclubudine@legalmail.it,00160740304,acu
Automobile Club Valle d'Aosta,00040470072,Regione Borgnalle 10H,11100,automobileclubaosta@pec.aci.it,00040470072,ac_v_ao
Automobile Club Varese,00215310129,"Viale Milano, 25",21100,automobileclubvarese@pec.aci.it,00215310129,ac_va
Automobile Club Venezia,00185920279,Via Ca' Marcello 67/d Mestre,30173,automobileclubvenezia@pec.aci.it,00185920279,acv
Automobile Club Verbano Cusio Ossola,00216680033,"Regione Nosere, 4",28845,automobileclubvco@pec.aci.it,00216680033,ac_vco
Automobile Club Vercelli,00162140024,Corso Fiume 22 Febbraio 1924 73,13100,ac.vercelli@pec.aci.it,00162140024,acvc
Automobile Club Verona,00225010230,"Via Della Valverde, 34",37122,automobileclubverona@pec.it,00225010230,acv_vr
Automobile Club Vibo Valentia,02020010795,Via Dante Alighieri,89900,automobileclubvibovalentia@pec.aci.it,02020010795,acvv_
Automobile Club Vicenza,00170580245,"Via E. Fermi, 233",36100,automobileclubvicenza@pec.aci.it,00170580245,acv_vi
Automobile Club Viterbo,00060470564,"Via Adolfo Marini, 16",01100,automobileclubviterbo@pec.aci.it,00060470564,acv_vt
Autorita' d'ambito Torinese,08581830018,"Corso Vittorio Emanuele II, n. 8",10125,ato3torinese@legalmailpa.it,08581830018,ato3tor
Autorita' di Bacino del Lario e Dei Laghi Minori,92045550131,"Piazzale Vittorio Emanuele, 4",22017,autoritabacinolario@pec.regione.lombardia.it,92045550131,abl_097
Autorita' di Bacino Lacuale Ceresio Piano e Ghirla,95079130134,"Via Fusina, 16",22060,consorzio.laghi.ceresio@pec.it,95079130134,ablcpg
Autorita' di Bacino Lacuale dei Laghi d'Iseo Endine e Moro,95127830164,Via Vittorio Veneto 76,24067,pec.consorziolaghi@legalmail.it,95127830164,con_liem
Autorita' di Bacino Lacuale Dei Laghi Maggiore Comabbio Monate Varese,02902910120,"Via Martiri Della Liberta, 11",21014,protocollo@pec.autoritadibacino.va.it,02902910120,abllmcmv
Autorita' di Bacino Laghi Garda e Idro,96022970170,Via Pietro Da Salo' 37,25087,pec@pec.consorziogardaidro.it,96022970170,cdc_sb
Autorita' di Regolazione Dei Trasporti,97772010019,Via Nizza 230,10126,pec@pec.autorita-trasporti.it,97772010019,art
Autorita' di Regolazione per Energia Reti e Ambiente,97190020152,Corso di Porta Vittoria n. 27,20121,protocollo@pec.arera.it,97190020152,AEEG
Autorita' di Sistema Portuale del Mar Adriatico Orientale,00050540327,Via Karl Ludwig Von Bruck 3,34143,pec@cert.porto.trieste.it,00050540327,APTri
AUTORITA' DI SISTEMA PORTUALE DEL MAR IONIO,90048270731,Porto Mercantile,74123,protocollo.autportta@postecert.it,90048270731,apt
Autorita' di Sistema Portuale del Mar Ligure Orientale,91091240118,"Via Del Molo,1",19126,protocollo@pec.adspmarligureorientale.it,91091240118,aspmlo
Autorita' di Sistema Portuale del Mar Tirreno Centrale,95255720633,Piazzale Pisacane Snc Interno Porto Napoli,80133,protocollogenerale@cert.porto.na.it,95255720633,aspmtc
Autorita' di sistema portuale del Mar Tirreno centro-settentrionale,01225340585,Molo Vespucci SNC,00053,protocollo@portidiroma.legalmailpa.it,01225340585,APCFG
Autorita' di Sistema Portuale del Mar Tirreno Settentrionale,92130540492,Scali Rosciano 6,57123,adsp@pec.portialtotirreno.it,92130540492,aspmt
Autorita' di Sistema Portuale del Mare Adriatico Centrale,00093910420,Molo Santa Maria - Porto,60121,segreteria@pec.porto.ancona.it,00093910420,apa_042
Autorita' di Sistema portuale del Mare Adriatico centro-settentrionale,92033190395,Via Antico Squero 31,48122,port.ravenna@legalmail.it,92033190395,apr_ra
Autorita' di Sistema Portuale del Mare Adriatico Meridionale,08032850722,"Piazzale Cristoforo Colombo,1",70122,protocollo@pec.adspmam.it,08032850722,aspmm
Autorita' di sistema portuale del Mare Adriatico settentrionale,00184980274,Santa Marta - Fabbricato 13,30125,autoritaportuale.venezia@legalmail.it,00184980274,APVen
Autorita' di Sistema portuale dello Stretto,80005610839,"Via Vittorio Emanuele II, 27",98122,protocollo@pec.adspstretto.it,80005610839,APMes
Autorita' Gestione Integrata Rifiuti Urbani Abruzzo,93104950667,Via San Bernardino,67100,agirabruzzo@pec.it,93104950667,agiru_
Autorita' Idrica Pugliese,07277870726,Viale Borsellino e Falcone n. 2,70125,protocollo@pec.autoritaidrica.puglia.it,07277870726,ATO_PU
Autorita' Nazionale Anticorruzione - A.N.AC.,97584460584,Via Marco Minghetti 10,00187,protocollo@pec.anticorruzione.it,97584460584,cvtiap
Autorita' per Il Servizio di Gestione Integrata Dei Rifiuti Urbani Ato Toscana Centro,06209840484,Viale Poggi 2,50125,ato.toscanacentro@postacert.toscana.it,06209840484,aisg_048
Autorita' per le Garanzie nelle Comunicazioni - AGCOM,95011660636,Centro Direzionale Isola B5,80143,agcom@cert.agcom.it,95011660636,agcom
Autorita' Portuale di Genova,00807480108,"Via Della Mercanzia, 2",16123,segreteriagenerale@pec.porto.genova.it,00807480108,apg_010
Autorita' Portuale Regionale,91046100466,"Via Lungo Canale Est, 11",55049,autoritaportualeregionale@postacert.toscana.it,91046100466,aprlu
Autorita' Umbra per Rifiuti e Idrico,03544350543,"Via San Bartolomeo, 79",06135,auri@postacert.umbria.it,03544350543,auri
Autorita di Ambito Calore Irpino,92051670641,Via Seminario - Casa Della Cultura V.Hugo,83100,atocaloreirpino@pec.it,92051670641,aaci_
Autorità di Sistema Portuale dei Mari Tirreno Meridionale e Ionio,91005020804,ctr. Lamia,89013,autoritaportuale@pec.portodigioiatauro.it,91005020804,APGT
Autorità di Sistema Portuale del Mar Ligure Occidentale,02443880998,"Via Della Mercanzia, 2",16124,segreteria.generale@pec.portsofgenoa.com,02443880998,aspmalo
Autorita di Sistema Portuale del Mare di Sardegna,00141450924,Molo Dogana,09125,adsp@pec.adspmaredisardegna.it,00141450924,APCag
Autorita di sistema portuale del Mare di Sicilia Occidentale,00117040824,"Via Piano Dell'ucciardone, 4",90139,info@pec.portpalermo.it,00117040824,app_082
Autorita di Sistema Portuale del Mare di Sicilia Orientale,93083840897,"Palazzina Ed1 Porto Commerciale Augusta, Contrada Punta Cugno",96011,adspmaresiciliaorientale@pec.it,93083840897,aspms
Autorita Garante della Concorrenza e del Mercato,97076950589,Piazza Verdi 6/A,00198,protocollo.agcm@pec.agcm.it,97076950589,agcm_
Autorita Idrica Toscana,06209860482,"Via Verdi, 16",50122,protocollo@pec.autoritaidrica.toscana.it,06209860482,ait_048
Autoservizi Cerella Srl,00091920694,Corso Mazzini 619,66054,AUTOSERVIZICERELLA@LEGALMAIL.IT,00091920694,acsrl
AUTOSERVIZI SALEMI S.R.L.,00058250812,"VIA SALEMI, 97",91025,amministrazione@pec.autoservizisalemi.it,00058250812,AUTOSERVIZISALEMI_20210121
AUTOSTAZIONE DI BOLOGNA SRL,00313590374,Piazza Piazza XX Settembre 6,40121,autostazionebo@pec.it,00313590374,TRYWP65W
Autostrada Pedemontana Lombarda Spa,08558150150,Via Pola 12 14,20124,pedemontana@pec.it,08558150150,apls
AUTOTRASPORTI RAINOLDI E C. S.R.L.,00476550140,VIA PER CARONA 2,23036,rainoldi@pec.rainoldibus.com,00476550140,AREC_20210221
Avvocatura dello Stato,80224030587,"Via Dei Portoghesi, 12",00186,roma@mailcert.avvocaturastato.it,80224030587,avvst
Avvocatura Distrettuale Ancona,80017850423,Corso Mazzini n. 55,60100,ufficio10.ced@mailcert.avvocaturastato.it,80017850423,adancona_20221028
Avvocatura Distrettuale Bari,93003250722,"Via Melo, 97",70121,ufficio10.ced@mailcert.avvocaturastato.it,93003250722,adbari_20221028
Avvocatura Distrettuale Bologna,80068910373,"Via A. Testoni, 6",40123,ufficio10.ced@mailcert.avvocaturastato.it,80068910373,adbologna_20221028
Avvocatura Distrettuale Brescia,98093490179,"via Santa Caterina, 6",25122,ufficio10.ced@mailcert.avvocaturastato.it,98093490179,adbrescia_20221028
Avvocatura Distrettuale Cagliari,80011080928,"Via Dante, 23/25",09128,ufficio10.ced@mailcert.avvocaturastato.it,80011080928,adcagliari_20221028
Avvocatura Distrettuale Caltanissetta,80008320857,"Via Libertà, 174",93100,ufficio10.ced@mailcert.avvocaturastato.it,80008320857,adcaltanissetta_20221028
Avvocatura Distrettuale Campobasso,92012810708,"Via Insorti d'Ungheria, 74",86100,ufficio10.ced@mailcert.avvocaturastato.it,92012810708,adcampobasso_20221028
Avvocatura Distrettuale Catania,80014130878,"Via Vecchia Ognina, 149",95127,ufficio10.ced@mailcert.avvocaturastato.it,80014130878,adcatania_20221028
Avvocatura Distrettuale Catanzaro,80004580793,"Via G. da Fiore, 34",88100,ufficio10.ced@mailcert.avvocaturastato.it,80004580793,adcatanzaro_20221028
Avvocatura Distrettuale Firenze,80039250487,"Via degli Arazzieri, 4",50100,ufficio10.ced@mailcert.avvocaturastato.it,80039250487,adfirenze_20221028
Avvocatura Distrettuale Genova,80101740100,"Viale Brigate Partigiane, 2 (6° piano)",16129,ufficio10.ced@mailcert.avvocaturastato.it,80101740100,adgenova_20221028
Avvocatura Distrettuale L’Aquila,80006940664,presso il Complesso monumentale di S. Domenico via Buccio di Ranallo.,67100,ufficio10.ced@mailcert.avvocaturastato.it,80006940664,adlaquila_20221028
Avvocatura Distrettuale Lecce,80018710758,"Via F. Rubichi, 39",73100,ufficio10.ced@mailcert.avvocaturastato.it,80018710758,adlecce_20221028
Avvocatura Distrettuale Messina,80003660836,"Via dei Mille, Isol.221, n.65",98123,ufficio10.ced@mailcert.avvocaturastato.it,80003660836,admessina_20221028
Avvocatura Distrettuale Milano,97021490152,"Via Freguglia, 1 (Palazzo di Giustizia)",20122,ufficio10.ced@mailcert.avvocaturastato.it,97021490152,admilano_20221028
Avvocatura Distrettuale Napoli,80030620639,"Via Armando Diaz, 11",80134,ufficio10.ced@mailcert.avvocaturastato.it,80030620639,adnapoli_20221028
Avvocatura Distrettuale Palermo,80027950825,"Via Valerio Villareale, 6",90141,ufficio10.ced@mailcert.avvocaturastato.it,80027950825,adpalermo_20221028
Avvocatura Distrettuale Perugia,80015910542,"Via degli Offici, 14",06123,ufficio10.ced@mailcert.avvocaturastato.it,80015910542,adperugia_20221028
Avvocatura Distrettuale Potenza,80008800767,"Corso XVIII Agosto, 46 (P.zo Uffici Governativi)",85100,ufficio10.ced@mailcert.avvocaturastato.it,80008800767,adpotenza_20221028
Avvocatura Distrettuale Reggio Calabria,92006980806,"Via Plebiscito, 15",89127,ufficio10.ced@mailcert.avvocaturastato.it,92006980806,adreggiocalabria_20221028
Avvocatura Distrettuale Salerno,95009570656,"Corso V. Emanuele, 58",84123,ufficio10.ced@mailcert.avvocaturastato.it,95009570656,adsalerno_20221028
Avvocatura Distrettuale Torino,80101970012,"Via Arsenale, 21",10121,ufficio10.ced@mailcert.avvocaturastato.it,80101970012,adtorino_20221028
Avvocatura Distrettuale Trento,80022790226,"Largo Porta Nuova, 9",38122,ufficio10.ced@mailcert.avvocaturastato.it,80022790226,adtrento_20221028
Avvocatura Distrettuale Trieste,80025500325,"P.zza Dalmazia, 3",34133,ufficio10.ced@mailcert.avvocaturastato.it,80025500325,adtrieste_20221028
Avvocatura Distrettuale Venezia,94026160278,"Piazza San Marco, 63",30124,ufficio10.ced@mailcert.avvocaturastato.it,94026160278,advenezia_20221028
Axpo Italia spa,01141160992,Via IV Novembre 149,00187,segreteria@pec.axpoitalia.biz,01141160992,axpoit_20230711
AZIENDA AMBIENTE SRL,01844920221,"Via ANGELO GUADAGNINI, 31",38054,INFO@PEC.AZIENDAAMBIENTE.IT,01844920221,VN0ZJAD4
Azienda Assistenza Sanitaria 3 Alto Friuli Collinare Medio Friuli,02801560307,Piazzetta Portuzza N. 2,33013,aas3.protgen@certsanita.fvg.it,02801560307,aafc
Azienda Assistenza Sanitaria N.2 Bassa Friulana Isontina,01162270316,"Via Vittorio Veneto, N. 174",34170,aas2.protgen@certsanita.fvg.it,01162270316,aas
Azienda Autonoma Delle Terme di Acireale,00254050875,"Via Delle Terme, 47",95024,ufficio.chiusura.liquidazioni@certmail.regione.sicilia.it,00254050875,aadtaci
Azienda Calabria Verde,03342820796,"Via Lucrezia Della Valle, 34",88100,direzionegenerale@pec.calabriaverde.eu,03342820796,azcv
Azienda Casa Emilia Romagna della Provincia di Bologna,00322270372,Piazza Della Resistenza 4,40122,info.acerbologna@registerpec.it,00322270372,acepbo
Azienda Casa Emilia Romagna della Provincia di Forli' Cesena,00139940407,Viale Giacomo Matteotti 44,47121,protocollo@aziendacasafc.legalmail.it,00139940407,acerpfc
Azienda Casa Emilia Romagna della Provincia di Ravenna,00080700396,Viale Luigi Carlo Farini 26,48121,acerravenna@legalmail.it,00080700396,1UMEMOPN
AZIENDA CASA EMILIA ROMAGNA DI PARMA,00160390340,Vicolo GROSSARDI 16/A,43125,urp.acerparma@legalmail.it,00160390340,EIORHA02
Azienda Comprensoriale Acquedottistica S.P.A in House Providing,91015370686,Via Maestri Del Lavoro D'italia 81,65125,aca.pescara@pec.it,91015370686,acas_068
AZIENDA COMUNALE DI SERVIZI – AZIENDA SPECIALE,02641320961,VIA MADONNINA 9,20834,acs.novamilanese@pec.it,02641320961,ACDSAS_20210206
Azienda Consorziale Forestale Trento - Sopramonte,80016510226,Via del Maso Smalz n. 3,38121,info@pec.aziendaforestale.tn.it,80016510226,acfts
Azienda Consorziale Servizi Municipalizzati S.p.A.,00124190224,Via Guadagnini 31,38054,acsm@pec.gruppoacsm.com,00124190224,acsmspa_20200907
AZIENDA CUNEESE DELL'ACQUA S.P.A.,80012250041,Corso Nizza 88,12100,acda@legalmail.it,80012250041,acda_20200204
Azienda della Mobilita Aquilana Spa,01502970666,Localita Campo Di Pile Snc,67100,ama.aq@legalmail.it,01502970666,amas
Azienda di Cura Soggiorno Turismo di Merano - Kv Meran,00197440217,"Corso Liberta', 45",39012,administrationmerano@pec.it,00197440217,acstm
Azienda di Servizi alla Persona Catria e Nerone,82003050414,Viale Della Vittoria N. 3,61043,catrianerone@pec.it,82003050414,aspcn
Azienda di Servizi alla Persona del Distretto di Parma,02447070349,Via Cavestro N. 14,43121,adpersonam@registerpec.it,02447070349,apads
Azienda di Servizi alla Persona di Spilimbergo,81000750935,Viale Barbacane 19,33097,aspspilimbergo@qnetpec.it,81000750935,aspsp
Azienda di Servizi alla Persona Golgi - Redaelli,80063990156,Via Bartolomeo d'Alviano n. 78,20123,direzione@pec.golgiredaelli.it,80063990156,aspgr
Azienda di Servizi alla Persona Magiera Ansaloni,80010410357,Via C.marx N.10,42010,magieraansaloni@cert.provincia.re.it,80010410357,aspma
Azienda di Servizi alla Persona Pedemontana,81004630935,"Via Vittorio Veneto, 91",33092,asppedemontana@qnetpec.it,81004630935,aspc_093
Azienda di Servizi alla Persona Valsasino,03767600962,Via Valsasino N. 116,20078,aspvalsasino@pacertificata.it,03767600962,aspv
Azienda di Soggiorno e Turismo di Bolzano,00136120219,Via Alto Adige 60,39100,astbolzano@pcert.postecert.it,00136120219,astb_021
Azienda energia e gas soc. cooperativa,00488490012,Via dei cappuccini 22/A,10015,amministrazione@cert.aegcoop.it,00488490012,aegcoop_20210322
Azienda Gardesana Servizi S.P.A.,80019800236,"Via 11 Settembre, 24",37019,ags@pec.ags.vr.it,80019800236,agssp
Azienda Intercomunale Rotaliana S.P.A.,01579450220,"Via Milano, 10",38017,amministrazione.airspa@legalmail.it,01579450220,airspa
AZIENDA ISOLA,03298850169,"Via G. Bravi, 16",24030,aziendaisola@propec.it,03298850169,ascib
Azienda Ligure Sanitaria della Regione Liguria,02421770997,"Piazza Della Vittoria, 15",16121,protocollo@pec.alisa.liguria.it,02421770997,alisa
AZIENDA LOMBARDA PER L'EDILIZIA RESIDENZIALE DI PAVIA-LODI,00182090183,"Via Giacomo Parodi, 35",27100,pavia@pec.alerpavialodi.it,00182090183,ALERPVLO_20200902
AZIENDA LOMBARDA PER L'EDILIZIA RESIDENZIALE DI VARESE - COMO – MONZA BRIANZA - BUSTO ARSIZIO,00214310120,Via Monte Rosa 21,21100,info@pec.alervarese.it,00214310120,ALERVARESE_20200831
AZIENDA LOMBARDA PER L’EDILIZIA RESIDENZIALE DI BERGAMO-LECCO-SONDRIO,00225430164,VIA MAZZINI 32/A,24128,direzione@pec.alerbg.it,00225430164,aler_bglcso_20210124
Azienda Meridionale Acque Messina S.P.A.,01937820833,Viale Giostra Ritiro,98152,amamspa@pec.it,01937820833,amams
AZIENDA METROPOLITANA TRASPORTI E SOSTA CATANIA SPA,04912390871,XIII STRADA ZONA INDUSTRIALE,95121,amtcatania@legalmail.it,04912390871,amtsc_20211103
AZIENDA MOBILITA' E TRASPORTI S.P.A.,03783930104,Via montaldo 2,16137,amt.spa@pec.amt.genova.it,03783930104,O4E8DGO6
Azienda Mobilita' e Trasporti Spa,00214640237,Via Torbido 3A,37113,amtspa@cgn.legalmail.it,00214640237,amts_023
Azienda Multiservizi Ambiente S.p.A.,01812230223,Viale Venezia 2/e,38057,segreteria@cert.amambiente.it,01812230223,stetspa
AZIENDA MULTISERVIZI DI IGENE AMBIENTALE DI VERONA S.P.A.,02737960233,VIA BARTOLOMEO AVESANI 31,37135,amia.verona@cmail.autenticazione.it,02737960233,amiaveronaspa_20201113
AZIENDA MULTISERVIZI VALENZANA (AMV spa),95003900065,"STRADA VECCHIA PONTECURONE, 1",15048,protocollo@pec.amvalenza.it,95003900065,amv_20210221
Azienda Municipale Gas S.P.A.,05491170725,Via Accolti Gil,70132,appalti@pec.retegasbari.it,05491170725,amgas
Azienda Municipale Sviluppo Arco Srl,01683140220,Viale Magnolie 9,38062,amsa@pec.arcoturistica.com,01683140220,amsas
Azienda Musei Provinciali di Bolzano,94085430216,Via Pascoli 2/A,39100,lm.mp@pec.prov.bz.it,94085430216,amp_021
Azienda Ospedale - Universita' Padova,00349040287,Via Nicolo Giustiniani 1,35128,protocollo.aopd@pecveneto.it,00349040287,azosp_PD
Azienda Ospedaliera,00679270553,"Via Tristano Di Joannuccio, 1 Terni",05100,aospterni@postacert.umbria.it,00679270553,ao_055
AZIENDA OSPEDALIERA ARCISPEDALE SANTA MARIA NUOVA,01614660353,"Viale Umberto I , 50",42123,protocollo@pec.asmn.re.it,01614660353,ao_re
Azienda Ospedaliera Bianchi Melacrino Morelli,01367190806,"Via Provinciale Spirito Santo, 24",89128,protocollo@pec.ospedalerc.it,01367190806,obm_080
Azienda Ospedaliera Complesso Ospedaliero San Giovanni Addolorata,04735061006,"Via Dell'Amba Aradam, 9",00184,ao.sga@pec.hsangiovanni.roma.it,04735061006,azos_sga
Azienda Ospedaliera Dei Colli,06798201213,Via Leonardo Bianchi S.n.c.,80131,ospedalideicolli@pec.it,06798201213,aodc_063
Azienda Ospedaliera di Cosenza,01987250782,Via San Martino,87100,aziendaospedalieracosenza@pec.aocs.it,01987250782,ao_cs
Azienda Ospedaliera di Perugia,02101050546,"Piazzale Menghini, 8/9",06129,aosp.perugia@postacert.umbria.it,02101050546,ao_pg
Azienda Ospedaliera di Rilievo Nazionale Antonio Cardarelli,06853240635,"Via A. Cardarelli, 9",80131,aocardarelli@pec.it,06853240635,aorn_063
Azienda Ospedaliera di Rilievo Nazionale e di Alta Specializzazione Garibaldi,04721270876,"Piazza S. Maria Di Gesu', 5",95124,protocollo.generale@pec.ao-garibaldi.ct.it,04721270876,aorn_087
Azienda Ospedaliera Ordine Mauriziano di Torino,09059340019,"Via Magellano, 1",10128,aso.ordinemauriziano@postemailcertificata.it,09059340019,asoom_to
Azienda Ospedaliera Ospedali Riuniti Marche Nord,02432930416,Piazzale Cinelli 4,61121,aomarchenord@emarche.it,02432930416,aoorm_pu
Azienda Ospedaliera Ospedali Riuniti Villa Sofia Cervello,05841780827,Viale Strasburgo 233,90146,protocollo@pec.ospedaliriunitipalermo.it,05841780827,aoorv_pa
Azienda Ospedaliera Papardo,03051880833,Contrada Papardo,98158,protocollo@pec-aopapardo.it,03051880833,aoorp_0
Azienda Ospedaliera per L'Emergenza Cannizzaro,04721280875,"Via Messina, 829",95126,a.o.cannizzaro@pec.it,04721280875,aol_087
AZIENDA OSPEDALIERA PUGLIESE - CIACCIO,01991520790,Via Vinicio Cortese 10,88100,protocollogenerale@pecaocz.it,01991520790,aopc_cz
Azienda Ospedaliera S.Pio- Benevento,01009760628,Via Dell' Angelo 1,82100,direzionegenerale@pec.ao-rummo.it,01009760628,ao_grum
Azienda Ospedaliera San Camillo Forlanini,04733051009,"Circonvallazione Gianicolense, 87",00152,protocollo_ao_scf@pec.it,04733051009,aos_058
Azienda Ospedaliera San Carlo di Potenza,01186830764,Via Potito Petrone,85100,AOSANCARLO@CERT.RUPARBASILICATA.IT,01186830764,aosca_pz
Azienda Ospedaliera San Giuseppe Moscati di Avellino,01948180649,Contrada Amoretta Avellino,83100,protocollo.generale@pec.aornmoscati.it,01948180649,ao_sgma
Azienda Ospedaliera Sant'Anna e San Sebastiano di Caserta,02201130610,Via Palasciano,81100,DIREZIONEGENERALE@OSPEDALECASERTAPEC.IT,02201130610,aosa_061
AZIENDA OSPEDALIERA SANTA CROCE E CARLE,01127900049,"Via Michele Coppino, 26",12100,aso.cuneo@cert.legalmail.it,01127900049,aoscc_cn
Azienda Ospedaliera Santobono Pausilipon,06854100630,Via Teresa Ravaschieri 8,80122,santobonopausilipon@pec.it,06854100630,aosp_063
Azienda Ospedaliera Universitaria 'Federico II' di Napoli,06909360635,"Via Sergio Pansini, 5",80131,aou.protocollo@pec.it,06909360635,aouf2na
Azienda Ospedaliera Universitaria - Universita'  degli Studi della Campania Luigi Vanvitelli,06908670638,"Via Santa Maria di Costantinopoli, 104",80138,policlinico.napoli@pec.it,06908670638,aous_063
Azienda Ospedaliera Universitaria di Cagliari,03108560925,"Via Ospedale, 54",09124,dir.generale@pec.aoucagliari.it,03108560925,aslun_ca
Azienda Ospedaliera Universitaria Integrata Verona,03901420236,Piazzale Aristide Stefani 1,37126,protocollo.aovr@pecveneto.it,03901420236,aoui_ve
Azienda Ospedaliera Universitaria Meyer IRCCS,02175680483,"Viale G. Pieraccini, 24",50139,meyer@postacert.toscana.it,02175680483,aoum_fi
Azienda Ospedaliera Universitaria Policlinico Paolo Giaccone,05841790826,Via del Vespro N. 129,90127,protocollo@cert.policlinico.pa.it,05841790826,aoup_082
Azienda ospedaliero-universitaria delle Marche,01464630423,Via Conca 71,60126,aou.ancona@emarche.it,01464630423,aouora
Azienda Ospedaliero-Universitaria di Bologna IRCCS Istituto di Ricerca e di Cura a Carattere Scientifico,92038610371,"Via Albertoni,15",40138,PEIdirezione.generale@pec.aosp.bo.it,92038610371,aopso_bo
AZIENDA OSPEDALIERO-UNIVERSITARIA DI FERRARA,01295950388,"Via Aldo Moro, 8 Ferrara",44124,protocollo@pec.ospfe.it,01295950388,aou_fe
Azienda Ospedaliero-Universitaria di Parma,01874240342,"Via Gramsci, 14",43126,protocollo@cert.ao.pr.it,01874240342,azhos_pr
Azienda Ospedaliero-universitaria Maggiore della Carita,01521330033,"Corso Mazzini, 18",28100,protocollo@pec.aou.no.it,01521330033,aomc_003
"Azienda Ospedaliero-Universitaria Policlinico ""G. Rodolico-San Marco"" di Catania",04721290874,"Via Santa Sofia, 78",95123,protocollo@pec.policlinico.unict.it,04721290874,aoup_ct
Azienda Ospedaliero-Universitaria Renato Dulbecco,01991530799,"Via Tommaso Campanella, 115",88100,protocollo.materdomini@postecert.it,01991530799,aoum_079
Azienda ospedaliero-universitaria Senese,00388300527,"Strada Delle Scotte, 14",53100,ao-siena@postacert.toscana.it,00388300527,aous_052
Azienda Ospedaliero - Universitaria Citta' della Salute e della Scienza di Torino,10771180014,C.so Bramante 88,10126,protocollo@pec.cittadellasalute.to.it,10771180014,aocss_0
Azienda Ospedaliero - Universitaria di Modena,02241740360,"Via Del Pozzo, 71",41124,affarigenerali@pec.aou.mo.it,02241740360,aou_mo
Azienda Ospedaliero - Universitaria Pisana,01310860505,"Via Roma, 67",56126,pec-aoupisana@legalmail.it,01310860505,aou_pisa
Azienda Ospedaliero Universitaria Careggi di Firenze,04612750481,Largo Brambilla 3,50141,aoucareggi@pec.it,04612750481,aouc_fi
Azienda Ospedaliero Universitaria Consorziale Policlinico di Bari,04846410720,"Piazza Giulio Cesare, 11",70124,direzione.generale.policlinico.bari@pec.rupar.puglia.it,04846410720,aoucpg23
Azienda Ospedaliero Universitaria Ospedali Riuniti di Foggia,02218910715,Viale Pinto n.1,71122,protocollo@pec.ospedaliriunitifoggia.it,02218910715,ao_
Azienda Ospedaliero Universitaria Ospedali Riuniti di Trieste,01066380328,"Via Farneto, 3",34142,aoospriuts.protgen@certsanita.fvg.it,01066380328,auop_ts
Azienda Ospedaliero Universitaria Sant'Andrea,06019571006,"Via di Grottarossa, 1035 - 1039",00189,protocollo.generale@pec.ospedalesantandrea.it,06019571006,ao_sarm
Azienda Ospedaliero Universitaria Santa Maria Misericordia di Udine,02445630300,"P.le S. Maria Misericordia, 15",33100,aoudsmm.protgen@certsanita.fvg.it,02445630300,AOUSMMUD
Azienda per i Servizi alla Persona Daniele Moro,80008300305,Vile Duodo N.80,33033,aspmoro@pec.it,80008300305,aispd
Azienda per il Diritto agli Studi Universitari - L'Aquila,80004530665,"Via XX Settembre, 46/52",67100,adsuaq@pec.regione.abruzzo.it,80004530665,ADaSU
Azienda per il diritto agli studi universitari di Chieti,80001210691,"Viale Unita' D'Italia,32/A",66100,adsuch.protocollo@postecert.it,80001210691,adsuch
Azienda per Il Diritto Agli Studi Universitari di Teramo,00920370673,Via M. Delfico N. 73,64100,info@pec.adsuteramo.it,00920370673,aidas
Azienda per la tutela della salute - ATS Sardegna,92005870909,Via Enrico Costa n. 57,07100,protocollo.generale@pec.atssardegna.it,92005870909,a1_ss
AZIENDA PISANA EDILIZIA SOCIALE S.C.P.A.,01699440507,VIA ENRICO FERMI 4  CAP: 56126,56126,apespisa@apespisa.it,01699440507,apes_20200408
Azienda Pluriservizi Macerata,00457550432,Viale Don Bosco 34,62100,apmgroup@pec.apmgroup.it,00457550432,apmap
Azienda Pluriservizi Monterotondo,05843451005,Piazza Angelo Frammartino 4,00015,apmpec@pec.it,05843451005,AziendaPluriserviziMonterotondo_20210305
Azienda Policlinico Umberto I,05865511009,"Viale Del Policlinico, 155",00161,protocollo@pec.policlinicoumberto1.it,05865511009,apui_058
Azienda Provinciale per i Servizi Sanitari della Provincia Autonoma di Trento,01429410226,"Via Degasperi, 79",38123,apss@pec.apss.tn.it,01429410226,apss
Azienda provinciale trasporti Spa,00505830315,"via caduti di An Nasiriyah,6",34170,segreteria.aptgo@legalmail.it,00505830315,aziendatrasporti_20210216
Azienda Pubblica di Servizi alla Persona A.S.P. del Rubicone,03729940407,"Via Alessandro Manzoni, 19",47030,segreteria.aspdelrubicone@pec.it,03729940407,apsp_rub
Azienda Pubblica di Servizi alla Persona Ardito Desio,81001370303,"Piazza Garibaldi, 7",33057,direzione@pec.asparditodesio.it,81001370303,aspad
Azienda Pubblica di Servizi alla persona casa di Riposo Mosca,02849880543,"Via Cavour, 11 A",06024,rpmosca@legalmail.it,02849880543,crm
Azienda Pubblica di Servizi alla Persona Casa per Anziani,02460260306,"Viale Trieste, 42",33043,postacert@pec.aspcividale.it,02460260306,apspca
Azienda Pubblica di Servizi alla Persona Citta di Riva,02086810229,"Via Ardaro, 20 A",38066,apsp.cittadiriva@registerpec.it,02086810229,apspcdr
Azienda Pubblica di Servizi alla Persona Clementino Vannetti,02086700222,"Via Vannetti, 6",38068,apspvannetti@pec.it,02086700222,apspcv
"Azienda Pubblica di Servizi alla Persona Cordenonese ""Virginia Fabbri Taliento""",80001590936,"Via Cervel, 68",33084,aspcordenonese@pec.it,80001590936,apspc
Azienda Pubblica di Servizi alla Persona Daniele Moro,00089850937,"Via Roma, 27",33075,entemoro@legalmail.it,00089850937,apspd_
Azienda Pubblica di Servizi alla Persona dei Comuni Modenesi Area Nord,03198590360,Via Posta Vecchia 30,41037,asp.mo.areanord@pec.it,03198590360,aspcm_mo
Azienda Pubblica di Servizi alla Persona del distretto Cesena Valle Savio,03803460405,"Via Dandini, 24",47521,postmaster@pec.aspcesenavallesavio.eu,03803460405,apsp_vs
Azienda Pubblica di Servizi alla Persona Delia Repetto,80005470366,Via Circondaria Nord 39,41013,aspdeliarepetto@legalmail.it,80005470366,apspd_mo
Azienda Pubblica di Servizi alla Persona della Val di Fassa,02110890221,Strada di pre de lejia 12,38039,info@pec.apspfassa.it,02110890221,apspv
Azienda Pubblica di Servizi alla Persona di Brentonico,85005170221,"Via Balista, 7",38060,apspbrentonico@postagarantita.eu,85005170221,apspb
Azienda Pubblica di Servizi alla Persona Distretto di Fidenza,02496470341,"Via Berenini, N. 151",43036,protocollo@pec.aspdistrettofidenza.it,02496470341,APSP_PR
Azienda Pubblica di Servizi alla Persona Dott. Antonio Bontempelli,83002460224,"Via Dei Baschenis, 6",38020,apsp-pellizzano@pec.it,83002460224,apsp
Azienda Pubblica di Servizi alla Persona Fondazione E. Muner De Giudici,01062260300,"Via Della Liberta, 19 Frazione Lovaria",33040,asp.munerdegiudici@legalmail.it,01062260300,apspfm
Azienda Pubblica di Servizi alla Persona Giorgio Gasparini,03099960365,Via Liberta' 823,41058,aspvignola@pec.it,03099960365,apspg_
Azienda Pubblica di Servizi alla Persona Giovanni Chiaba' di San Giorgio di Nogaro,81001630300,"Via Cristofoli, 18",33058,asp@pec.gchiaba.it,81001630300,apsp_gc
Azienda Pubblica di Servizi alla Persona Giovanni Endrizzi,00322440223,Via Orti N. 50,38015,amministrazione@pec.apsplavis.it,00322440223,apsp_wv
Azienda Pubblica di Servizi alla Persona Giudicarie Esteriori,86000490226,"Fr. S. Croce, 41",38071,amministrazione@pec.apspgiudicarieesteriori.it,86000490226,apspgs
Azienda Pubblica di Servizi alla Persona Ircr Macerata,80009620438,"Via B. Gigli, 2",62100,info@pec.ircrmc.it,80009620438,apspimc
Azienda Pubblica di Servizi alla Persona Itis,80013710324,Via Giovanni Pascoli 31,34129,segreteria@pec.itis.it,80013710324,apspi_ts
Azienda Pubblica di Servizi alla Persona Margherita Grazioli,00358520229,Via Della Resistenza 63,38123,apspgrazioli@pec.it,00358520229,apspm
Azienda pubblica di Servizi alla Persona Martinsheim di Malles Venosta,82006570210,"Via Stazione, 10",39024,martinsheim@legalmail.it,82006570210,azmm
Azienda Pubblica di Servizi alla Persona Montedomini - Sant'Ambrogio - Fuligno - Bigallo,80001110487,"Via De' Malcontenti, 6",50122,segreteria.montedomini@pec.it,80001110487,apspfi
Azienda Pubblica di Servizi alla Persona Pianura Est,03510961208,"Via Gramsci, 28",40066,asp.pianuraest@pec.renogalliera.it,03510961208,apsppe
Azienda Pubblica di Servizi alla Persona Riunite Terra di Bari,93443240721,"Via Napoli, 332",70123,vittorioemanuelebari@pec.it,93443240721,apsptdb
Azienda Pubblica di Servizi alla Persona San Gaetano,82001090222,"Via Ettore Sottsass, 11",38037,apspsangaetano@legalmail.it,82001090222,apdsapsg
Azienda Pubblica di Servizi alla Persona San Giuseppe,81001630227,"Via Alle Fonti, 1",38050,apsp.roncegno.amministrazione@pec.it,81001630227,apspsgtn
AZIENDA PUBBLICA DI SERVIZI ALLA PERSONA SAN VALENTINO,81001910223,"Via Cavour, 65",38056,apsplevicoterme@pec.it,81001910223,aps_0221
Azienda Pubblica di Servizi alla Persona Santa Maria,83003520224,Via Eusebio Chini n. 37,38023,raccomandata@pec.apspcles.it,83003520224,sm
Azienda Pubblica di Servizi alla Persona Seneca,02800411205,Via Matteotti N. 191,40014,asp-seneca@cert.provincia.bo.it,02800411205,apsps_bo
Azienda Pubblica di Servizi alla Persona Stati Uniti D'America,02892040300,"Via Stati Uniti D'america, 10",33029,aspstatiuniti@pec.it,02892040300,apspsu
Azienda Pubblica di Servizi alla Persona Valle del Vanoi,81002610228,"Via Danoli, 15",38050,apsp.vanoi@pec.it,81002610228,apsp_022
Azienda pubblica servizi alla persona Cav. Marco Rossi Sidoli,81000140343,Via Duca Degli Abruzzi N. 27,43053,amministrazione@pec.rossisidoli.com,81000140343,a_034
Azienda Pubblica Servizi alla Persona Cristani - De Luca,00374380228,Via Barone Giovanni Cristani 38,38016,casacristani@pec.it,00374380228,apspcdl
Azienda Pubblica Servizi alla Persona Maria Redditi,81001890524,Via Costarella 214/a,53048,istitutoredditi@pec.it,81001890524,apsp_052
Azienda Pubblica Servizi alla Persona San Giovanni,01144840228,"Via Damiano Chiesa, 6",38017,protocollo@pec.sangiovanni.tn.it,01144840228,apspsg
Azienda Regionale dell'Emergenza Urgenza della Sardegna,01526480916,Via Luigi Oggiano 25,08100,protocollogenerale@pec.areus.sardegna.it,01526480916,areus
Azienda Regionale di Coordinamento per La Salute,02948180308,"Via Pozzuolo, 330",33100,arcs@certsanita.fvg.it,02948180308,arcs
Azienda Regionale Diritto allo Studio Universitario di Basilicata,96024370767,Corso Umberto I,85100,protocollo@pec.ardsubasilicata.it,96024370767,ardsu_0
Azienda Regionale Emergenza Sanitaria - ARES 118,08173691000,Via Portuense 240,00149,direzione.generale@pec.ares118.it,08173691000,ares_058
Azienda Regionale Emergenza Urgenza,03128170135,"Via Alfredo Campanini, 6",20124,protocollo@pec.areu.lombardia.it,03128170135,areu_mi
Azienda Regionale per il Diritto agli Studi Superiori ER.GO,02786551206,"Via Santa Maria Maggiore, 4",40121,info@postacert.er-go.it,02786551206,ardss
Azienda Regionale per il Diritto allo Studio Universitario,94164020482,"Viale Antonio Gramsci, 36",50132,dsutoscana@postacert.toscana.it,94164020482,ardsu_to
Azienda Regionale per Il Diritto allo Studio Universitario di Venezia,01740230279,Dorsoduro 3439a,30123,protocollo.esuvenezia@pecveneto.it,01740230279,arid_027
Azienda Regionale per L'Edilizia Abitativa,03077790925,"Via Cesare Battisti, 6",09123,area@pec.area.sardegna.it,03077790925,area_ca
Azienda Regionale per L'Edilizia Residenziale della Valle D'Aosta,00061400073,"Via Cesare Battisti, 13",11100,arervda@pec.unonet.it,00061400073,arl_007
Azienda Regionale per l'Innovazione egli Acquisti - ARIA SpA,05017630152,"Via Taramelli, 26",20124,protocollo@pec.ariaspa.it,05017630152,lispa
Azienda Regionale per Lo Sviluppo dell'Agricoltura Calabrese,03268540782,"Viale Trieste, 93/95",87100,arsac@pec.arsac.calabria.it,03268540782,arsac
Azienda Regionale Territoriale per L'Edilizia della Provincia di Imperia,00127020089,"Via A. Armelio, 70",18100,arteim@pec.it,00127020089,artlei_18-03-2015
Azienda Regionale Territoriale per L'Edilizia della Provincia di Savona,00190540096,"Via Aglietto, 90",17100,posta@cert.artesv.it,00190540096,artlesv_28-07-2013
Azienda Reti Elettriche S.r.l.,02404330223,"Via Guadagnini, 31",38054,info@pec.aziendareti.com,02404330223,aziendaretielettriche_20200929
Azienda San Severino Marche,01210650436,"Localita Colotto, 11",62027,assemspa@legalmail.it,01210650436,asasema
Azienda Sanitaria dell'Alto Adige - Suedtiroler Sanitaetsbetrieb,00773750211,Via Thomas Alva Edison 10 D,39100,admin@pec.sabes.it,00773750211,ASPA_BZ
Azienda Sanitaria di Potenza ASP,01722360763,"Via Torraca, 2",85100,protocollo@pec.aspbasilicata.it,01722360763,as_pz
Azienda Sanitaria Friuli Occidentale,01772890933,"Via Vecchia Ceramica, 1",33170,asfo.protgen@certsanita.fvg.it,01772890933,093
Azienda sanitaria Locale - ASL - Asti,01120620057,"Via Conte Verde, 125",14100,protocollo@pec.asl.at.it,01120620057,as_asti
Azienda Sanitaria Locale 2 di Savona,01062990096,Piazza Sandro Pertini n. 10,17100,protocollo@pec.asl2.liguria.it,01062990096,asl_2sav
Azienda Sanitaria Locale 2 Lanciano Vasto Chieti,02307130696,Via dei Vestini,66100,info@pec.asl2abruzzo.it,02307130696,asl_2lvc
Azienda Sanitaria Locale AL di Alessandria,02190140067,Via Venezia 6,15121,aslal@pec.aslal.it,02190140067,asl_alcm
Azienda Sanitaria Locale Avellino,02600160648,Via Degli Imbimbo 10/12,83100,direzione.generale@pec.aslavellino.it,02600160648,asl_av
Azienda Sanitaria Locale Avezzano Sulmona L'Aquila,01792410662,Via Saragat loc. Campo di Pile,67100,protocollogenerale@pec.asl1abruzzo.it,01792410662,asl1_asl
Azienda Sanitaria Locale Bari,06534340721,Lungomare Starita 6,70123,protocollo.asl.bari@pec.rupar.puglia.it,06534340721,asl_ba
Azienda Sanitaria Locale Benevento 1,01009680628,Via Oderisio 1,82100,direzione.generale@pec.aslbenevento.it,01009680628,asl1_bn
Azienda Sanitaria Locale BT di Andria,90062670725,"Via Fornaci, 201",76123,protocollo.aslbat@pec.rupar.puglia.it,90062670725,asl_bat
Azienda Sanitaria Locale Caserta,03519500619,"Via Unita' Italiana, 28",81100,protocollo@pec.aslcaserta.it,03519500619,as_CE
Azienda Sanitaria Locale Citta' di Torino,11632570013,Via San Secondo 29,10149,protocollo@pec.aslcittaditorino.it,11632570013,aslto
Azienda Sanitaria Locale CN1,01128930045,"Via Carlo Boggio, 12",12100,protocollo@aslcn1.legalmailPA.it,01128930045,ASL_CN1
Azienda Sanitaria Locale CN2 Alba-Bra,02419170044,"Via Vida, 10",12051,aslcn2@legalmail.it,02419170044,as18_alb
Azienda Sanitaria Locale della Provincia di Biella,01810260024,Via dei Ponderanesi n. 2,13875,ufficio.protocollo@cert.aslbi.piemonte.it,01810260024,asl_bi
Azienda Sanitaria Locale di Brindisi,01647800745,"Via Napoli, 8",72100,protocollo.asl.brindisi@pec.rupar.puglia.it,01647800745,ASL_BR
Azienda Sanitaria Locale di Lecce,04008300750,"Via Miglietta, 5",73100,protocollo@pec.asl.lecce.it,04008300750,as1_LE
Azienda Sanitaria Locale di Matera,01178540777,Via Montescaglioso,75100,asmbasilicata@cert.ruparbasilicata.it,01178540777,a_077
Azienda Sanitaria Locale di Napoli 3 Sud,06322711216,Via Marconi 66,80059,protocollo@pec.aslnapoli3sud.it,06322711216,asl_na3s
Azienda Sanitaria Locale di Salerno,04701800650,"Via Nizza, 146",84124,protocollogenerale@pec.aslsalerno.it,04701800650,asl_sa
Azienda Sanitaria Locale di Taranto,02026690731,"Viale Virgilio, 31",74120,protocollo.asl.taranto@pec.rupar.puglia.it,02026690731,asl_vvta
Azienda Sanitaria Locale N. 4 di Teramo,00115590671,"Circonvallazione Ragusa, 1",64100,aslteramo@raccomandata.eu,00115590671,a4_te
Azienda Sanitaria Locale Napoli 1 Centro,06328131211,"Via Comunale del Principe, 13/a",80145,aslnapoli1centro@pec.aslna1centro.it,06328131211,a1_na
Azienda Sanitaria Locale Napoli 2 Nord,96024110635,"Via M. Lupoli,27",80027,protocollo@pec.aslnapoli2nord.it,96024110635,asl_na2n
Azienda Sanitaria Locale NO,01522670031,"Viale Roma, 7",28100,protocollogenerale@pec.asl.novara.it,01522670031,a13_f952
Azienda Sanitaria Locale Roma 1,13664791004,"Borgo Santo Spirito, 3",00193,protocollo@pec.aslroma1.it,13664791004,aslrm
Azienda Sanitaria Locale Roma 2,13665151000,Via Maria Brighenti 23,00159,protocollo.generale@pec.aslroma2.it,13665151000,aslrm2
Azienda Sanitaria Locale Roma 3,04733491007,"Via Casal Bernocchi, 73",00125,protocollo@pec.aslroma3.it,04733491007,usld_rm
Azienda Sanitaria Locale Roma 5,04733471009,Via Acquaregna 1/15,00019,protocollo@pec.aslromag.it,04733471009,058
Azienda Sanitaria Locale Roma 6,04737811002,"Borgo Garibaldi, 12",00041,servizio.protocollo@pec.aslroma6.it,04737811002,ausl_rmh